entry_id,juan_volume,chapter_section,keyword_class,drug_pinyin,drug_latin,family,plant_part,taste_nature,channel_tropism,declared_function,indication,preparation_form,citation_snippet
E0001,juan 4,herb monograph,stomach,Baizhu,Atractylodes macrocephala Koidz.,Asteraceae,Rhizome,"Sweet, bitter, warm","Spleen, Stomach",Spleen-tonifying; damp-drying,Spleen-stomach deficiency,Decoction,"[Bencao Gangmu, juan 4, Baizhu monograph — section on spleen-stomach deficiency]"
E0002,juan 18,herb monograph,stomach,Baizhu,Atractylodes macrocephala Koidz.,Asteraceae,Rhizome,"Sweet, bitter, warm","Spleen, Stomach",Spleen-tonifying; damp-drying,Food retention with distension,Decoction,"[Bencao Gangmu, juan 18, Baizhu monograph — section on food retention with distension]"
E0003,juan 50,herb monograph,spleen,Baizhu,Atractylodes macrocephala Koidz.,Asteraceae,Rhizome,"Sweet, bitter, warm","Spleen, Stomach",Spleen-tonifying; damp-drying,Diarrhoea,Earth-fried decoction,"[Bencao Gangmu, juan 50, Baizhu monograph — section on diarrhoea]"
E0004,juan 50,herb monograph,spleen,Baizhu,Atractylodes macrocephala Koidz.,Asteraceae,Rhizome,"Sweet, bitter, warm","Spleen, Stomach",Spleen-tonifying; damp-drying,Phlegm-rheum,Bran-fried decoction,"[Bencao Gangmu, juan 50, Baizhu monograph — section on phlegm-rheum]"
E0005,juan 8,herb monograph,spleen-stomach,Baizhu,Atractylodes macrocephala Koidz.,Asteraceae,Rhizome,"Sweet, bitter, warm","Spleen, Stomach",Spleen-tonifying; damp-drying,Sweating,Decoction,"[Bencao Gangmu, juan 8, Baizhu monograph — section on sweating]"
E0006,juan 5,herb monograph,stomach,Baizhu,Atractylodes macrocephala Koidz.,Asteraceae,Rhizome,"Sweet, bitter, warm","Spleen, Stomach",Spleen-tonifying; damp-drying,Spontaneous abortion (threatened),Decoction,"[Bencao Gangmu, juan 5, Baizhu monograph — section on spontaneous abortion (threatened)]"
E0007,juan 16,herb monograph,spleen,Baizhu,Atractylodes macrocephala Koidz.,Asteraceae,Rhizome,"Sweet, bitter, warm","Spleen, Stomach",Spleen-tonifying; damp-drying,Oedema,Raw decoction,"[Bencao Gangmu, juan 16, Baizhu monograph — section on oedema]"
E0008,juan 41,herb monograph,spleen,Baizhu,Atractylodes macrocephala Koidz.,Asteraceae,Rhizome,"Sweet, bitter, warm","Spleen, Stomach",Spleen-tonifying; damp-drying,Fan-wei (regurgitation),Decoction,"[Bencao Gangmu, juan 41, Baizhu monograph — section on fan-wei (regurgitation)]"
E0009,juan 15,herb monograph,spleen,Baizhu,Atractylodes macrocephala Koidz.,Asteraceae,Rhizome,"Sweet, bitter, warm","Spleen, Stomach",Spleen-tonifying; damp-drying,Cold-damp obstruction,Decoction,"[Bencao Gangmu, juan 15, Baizhu monograph — section on cold-damp obstruction]"
E0010,juan 47,herb monograph,stomach,Baizhu,Atractylodes macrocephala Koidz.,Asteraceae,Rhizome,"Sweet, bitter, warm","Spleen, Stomach",Spleen-tonifying; damp-drying,Stomach heat (damp-origin),Decoction,"[Bencao Gangmu, juan 47, Baizhu monograph — section on stomach heat (damp-origin)]"
E0011,juan 17,herb monograph,stomach,Baizhu,Atractylodes macrocephala Koidz.,Asteraceae,Rhizome,"Sweet, bitter, warm","Spleen, Stomach",Spleen-tonifying; damp-drying,Spleen qi sinking,Decoction,"[Bencao Gangmu, juan 17, Baizhu monograph — section on spleen qi sinking]"
E0012,juan 20,herb monograph,spleen,Baizhu,Atractylodes macrocephala Koidz.,Asteraceae,Rhizome,"Sweet, bitter, warm","Spleen, Stomach",Spleen-tonifying; damp-drying,Damp-bi syndrome,Decoction,"[Bencao Gangmu, juan 20, Baizhu monograph — section on damp-bi syndrome]"
E0013,juan 3,herb monograph,spleen-stomach,Baizhu,Atractylodes macrocephala Koidz.,Asteraceae,Rhizome,"Sweet, bitter, warm","Spleen, Stomach",Spleen-tonifying; damp-drying,Pregnancy oedema,Decoction,"[Bencao Gangmu, juan 3, Baizhu monograph — section on pregnancy oedema]"
E0014,juan 13,herb monograph,stomach,Baizhu,Atractylodes macrocephala Koidz.,Asteraceae,Rhizome,"Sweet, bitter, warm","Spleen, Stomach",Spleen-tonifying; damp-drying,Anorexia,Decoction,"[Bencao Gangmu, juan 13, Baizhu monograph — section on anorexia]"
E0015,juan 24,herb monograph,stomach,Baizhu,Atractylodes macrocephala Koidz.,Asteraceae,Rhizome,"Sweet, bitter, warm","Spleen, Stomach",Spleen-tonifying; damp-drying,Chronic dysentery,Earth-fried decoction,"[Bencao Gangmu, juan 24, Baizhu monograph — section on chronic dysentery]"
E0016,juan 16,herb monograph,spleen,Baizhu,Atractylodes macrocephala Koidz.,Asteraceae,Rhizome,"Sweet, bitter, warm","Spleen, Stomach",Spleen-tonifying; damp-drying,Abdominal pain (cold-type),Decoction,"[Bencao Gangmu, juan 16, Baizhu monograph — section on abdominal pain (cold-type)]"
E0017,juan 24,herb monograph,spleen-stomach,Baizhu,Atractylodes macrocephala Koidz.,Asteraceae,Rhizome,"Sweet, bitter, warm","Spleen, Stomach",Spleen-tonifying; damp-drying,Vertigo (phlegm-damp),Decoction,"[Bencao Gangmu, juan 24, Baizhu monograph — section on vertigo (phlegm-damp)]"
E0018,juan 27,herb monograph,spleen,Baizhu,Atractylodes macrocephala Koidz.,Asteraceae,Rhizome,"Sweet, bitter, warm","Spleen, Stomach",Spleen-tonifying; damp-drying,Spleen-deficiency vertigo,Decoction,"[Bencao Gangmu, juan 27, Baizhu monograph — section on spleen-deficiency vertigo]"
E0019,juan 25,herb monograph,spleen,Baizhu,Atractylodes macrocephala Koidz.,Asteraceae,Rhizome,"Sweet, bitter, warm","Spleen, Stomach",Spleen-tonifying; damp-drying,Cough with phlegm,Decoction,"[Bencao Gangmu, juan 25, Baizhu monograph — section on cough with phlegm]"
E0020,juan 5,herb monograph,stomach,Baizhu,Atractylodes macrocephala Koidz.,Asteraceae,Rhizome,"Sweet, bitter, warm","Spleen, Stomach",Spleen-tonifying; damp-drying,Edema of face and limbs,Decoction,"[Bencao Gangmu, juan 5, Baizhu monograph — section on edema of face and limbs]"
E0021,juan 37,herb monograph,stomach,Baizhu,Atractylodes macrocephala Koidz.,Asteraceae,Rhizome,"Sweet, bitter, warm","Spleen, Stomach",Spleen-tonifying; damp-drying,Cold-deficiency abdominal pain,Decoction,"[Bencao Gangmu, juan 37, Baizhu monograph — section on cold-deficiency abdominal pain]"
E0022,juan 27,herb monograph,spleen,Baizhu,Atractylodes macrocephala Koidz.,Asteraceae,Rhizome,"Sweet, bitter, warm","Spleen, Stomach",Spleen-tonifying; damp-drying,Loss of appetite,Decoction,"[Bencao Gangmu, juan 27, Baizhu monograph — section on loss of appetite]"
E0023,juan 21,herb monograph,spleen,Baizhu,Atractylodes macrocephala Koidz.,Asteraceae,Rhizome,"Sweet, bitter, warm","Spleen, Stomach",Spleen-tonifying; damp-drying,Chronic gastric pain,Decoction,"[Bencao Gangmu, juan 21, Baizhu monograph — section on chronic gastric pain]"
E0024,juan 42,herb monograph,spleen-stomach,Baizhu,Atractylodes macrocephala Koidz.,Asteraceae,Rhizome,"Sweet, bitter, warm","Spleen, Stomach",Spleen-tonifying; damp-drying,Wind-cold dampness,Decoction,"[Bencao Gangmu, juan 42, Baizhu monograph — section on wind-cold dampness]"
E0025,juan 26,herb monograph,spleen-stomach,Baizhu,Atractylodes macrocephala Koidz.,Asteraceae,Rhizome,"Sweet, bitter, warm","Spleen, Stomach",Spleen-tonifying; damp-drying,Post-illness weakness,Decoction,"[Bencao Gangmu, juan 26, Baizhu monograph — section on post-illness weakness]"
E0026,juan 48,herb monograph,stomach,Baizhu,Atractylodes macrocephala Koidz.,Asteraceae,Rhizome,"Sweet, bitter, warm","Spleen, Stomach",Spleen-tonifying; damp-drying,General fatigue,Decoction,"[Bencao Gangmu, juan 48, Baizhu monograph — section on general fatigue]"
E0027,juan 45,herb monograph,spleen,Shengjiang,Zingiber officinale Roscoe,Zingiberaceae,Fresh rhizome,"Pungent, slightly warm","Lung, Stomach, Spleen",Middle-warming; anti-emetic,Cold-stomach vomiting,Decoction,"[Bencao Gangmu, juan 45, Shengjiang monograph — section on cold-stomach vomiting]"
E0028,juan 21,herb monograph,spleen,Shengjiang,Zingiber officinale Roscoe,Zingiberaceae,Fresh rhizome,"Pungent, slightly warm","Lung, Stomach, Spleen",Middle-warming; anti-emetic,Wind-cold common cold,Decoction,"[Bencao Gangmu, juan 21, Shengjiang monograph — section on wind-cold common cold]"
E0029,juan 17,herb monograph,spleen-stomach,Shengjiang,Zingiber officinale Roscoe,Zingiberaceae,Fresh rhizome,"Pungent, slightly warm","Lung, Stomach, Spleen",Middle-warming; anti-emetic,Fan-wei (regurgitation),Decoction,"[Bencao Gangmu, juan 17, Shengjiang monograph — section on fan-wei (regurgitation)]"
E0030,juan 27,herb monograph,spleen-stomach,Shengjiang,Zingiber officinale Roscoe,Zingiberaceae,Fresh rhizome,"Pungent, slightly warm","Lung, Stomach, Spleen",Middle-warming; anti-emetic,Phlegm-rheum cough,Decoction,"[Bencao Gangmu, juan 27, Shengjiang monograph — section on phlegm-rheum cough]"
E0031,juan 43,herb monograph,spleen,Shengjiang,Zingiber officinale Roscoe,Zingiberaceae,Fresh rhizome,"Pungent, slightly warm","Lung, Stomach, Spleen",Middle-warming; anti-emetic,Stomach pain (cold),Decoction,"[Bencao Gangmu, juan 43, Shengjiang monograph — section on stomach pain (cold)]"
E0032,juan 13,herb monograph,spleen-stomach,Shengjiang,Zingiber officinale Roscoe,Zingiberaceae,Fresh rhizome,"Pungent, slightly warm","Lung, Stomach, Spleen",Middle-warming; anti-emetic,Hiccup,Decoction,"[Bencao Gangmu, juan 13, Shengjiang monograph — section on hiccup]"
E0033,juan 16,herb monograph,spleen,Shengjiang,Zingiber officinale Roscoe,Zingiberaceae,Fresh rhizome,"Pungent, slightly warm","Lung, Stomach, Spleen",Middle-warming; anti-emetic,Nausea (general),Decoction,"[Bencao Gangmu, juan 16, Shengjiang monograph — section on nausea (general)]"
E0034,juan 47,herb monograph,stomach,Shengjiang,Zingiber officinale Roscoe,Zingiberaceae,Fresh rhizome,"Pungent, slightly warm","Lung, Stomach, Spleen",Middle-warming; anti-emetic,Cold-damp leg pain,Decoction,"[Bencao Gangmu, juan 47, Shengjiang monograph — section on cold-damp leg pain]"
E0035,juan 44,herb monograph,spleen-stomach,Shengjiang,Zingiber officinale Roscoe,Zingiberaceae,Fresh rhizome,"Pungent, slightly warm","Lung, Stomach, Spleen",Middle-warming; anti-emetic,Drug-induced toxicity,Decoction,"[Bencao Gangmu, juan 44, Shengjiang monograph — section on drug-induced toxicity]"
E0036,juan 43,herb monograph,spleen,Shengjiang,Zingiber officinale Roscoe,Zingiberaceae,Fresh rhizome,"Pungent, slightly warm","Lung, Stomach, Spleen",Middle-warming; anti-emetic,Food poisoning (fish/crab),Decoction,"[Bencao Gangmu, juan 43, Shengjiang monograph — section on food poisoning (fish/crab)]"
E0037,juan 49,herb monograph,spleen,Shengjiang,Zingiber officinale Roscoe,Zingiberaceae,Fresh rhizome,"Pungent, slightly warm","Lung, Stomach, Spleen",Middle-warming; anti-emetic,Vomiting (general),Decoction,"[Bencao Gangmu, juan 49, Shengjiang monograph — section on vomiting (general)]"
E0038,juan 32,herb monograph,spleen,Shengjiang,Zingiber officinale Roscoe,Zingiberaceae,Fresh rhizome,"Pungent, slightly warm","Lung, Stomach, Spleen",Middle-warming; anti-emetic,Wind-cold headache,Decoction,"[Bencao Gangmu, juan 32, Shengjiang monograph — section on wind-cold headache]"
E0039,juan 43,herb monograph,spleen,Shengjiang,Zingiber officinale Roscoe,Zingiberaceae,Fresh rhizome,"Pungent, slightly warm","Lung, Stomach, Spleen",Middle-warming; anti-emetic,Cold abdominal pain,Decoction,"[Bencao Gangmu, juan 43, Shengjiang monograph — section on cold abdominal pain]"
E0040,juan 17,herb monograph,stomach,Shengjiang,Zingiber officinale Roscoe,Zingiberaceae,Fresh rhizome,"Pungent, slightly warm","Lung, Stomach, Spleen",Middle-warming; anti-emetic,Diarrhoea (cold),Decoction,"[Bencao Gangmu, juan 17, Shengjiang monograph — section on diarrhoea (cold)]"
E0041,juan 52,herb monograph,stomach,Shengjiang,Zingiber officinale Roscoe,Zingiberaceae,Fresh rhizome,"Pungent, slightly warm","Lung, Stomach, Spleen",Middle-warming; anti-emetic,Asthma (cold-type),Decoction,"[Bencao Gangmu, juan 52, Shengjiang monograph — section on asthma (cold-type)]"
E0042,juan 17,herb monograph,spleen-stomach,Shengjiang,Zingiber officinale Roscoe,Zingiberaceae,Fresh rhizome,"Pungent, slightly warm","Lung, Stomach, Spleen",Middle-warming; anti-emetic,Loss of voice,Decoction,"[Bencao Gangmu, juan 17, Shengjiang monograph — section on loss of voice]"
E0043,juan 23,herb monograph,spleen-stomach,Shengjiang,Zingiber officinale Roscoe,Zingiberaceae,Fresh rhizome,"Pungent, slightly warm","Lung, Stomach, Spleen",Middle-warming; anti-emetic,Morning sickness,Decoction,"[Bencao Gangmu, juan 23, Shengjiang monograph — section on morning sickness]"
E0044,juan 7,herb monograph,spleen,Shengjiang,Zingiber officinale Roscoe,Zingiberaceae,Fresh rhizome,"Pungent, slightly warm","Lung, Stomach, Spleen",Middle-warming; anti-emetic,Sweating with chills,Decoction,"[Bencao Gangmu, juan 7, Shengjiang monograph — section on sweating with chills]"
E0045,juan 39,herb monograph,spleen,Shengjiang,Zingiber officinale Roscoe,Zingiberaceae,Fresh rhizome,"Pungent, slightly warm","Lung, Stomach, Spleen",Middle-warming; anti-emetic,Cold extremities,Decoction,"[Bencao Gangmu, juan 39, Shengjiang monograph — section on cold extremities]"
E0046,juan 23,herb monograph,spleen-stomach,Shengjiang,Zingiber officinale Roscoe,Zingiberaceae,Fresh rhizome,"Pungent, slightly warm","Lung, Stomach, Spleen",Middle-warming; anti-emetic,Throat obstruction,Chewed raw,"[Bencao Gangmu, juan 23, Shengjiang monograph — section on throat obstruction]"
E0047,juan 34,herb monograph,spleen,Shengjiang,Zingiber officinale Roscoe,Zingiberaceae,Fresh rhizome,"Pungent, slightly warm","Lung, Stomach, Spleen",Middle-warming; anti-emetic,Conjunctivitis,Topical juice,"[Bencao Gangmu, juan 34, Shengjiang monograph — section on conjunctivitis]"
E0048,juan 44,herb monograph,spleen,Shengjiang,Zingiber officinale Roscoe,Zingiberaceae,Fresh rhizome,"Pungent, slightly warm","Lung, Stomach, Spleen",Middle-warming; anti-emetic,Cold-damp arthralgia,Decoction,"[Bencao Gangmu, juan 44, Shengjiang monograph — section on cold-damp arthralgia]"
E0049,juan 19,herb monograph,spleen,Shengjiang,Zingiber officinale Roscoe,Zingiberaceae,Fresh rhizome,"Pungent, slightly warm","Lung, Stomach, Spleen",Middle-warming; anti-emetic,Toxic-mushroom poisoning,Decoction,"[Bencao Gangmu, juan 19, Shengjiang monograph — section on toxic-mushroom poisoning]"
E0050,juan 50,herb monograph,spleen,Shengjiang,Zingiber officinale Roscoe,Zingiberaceae,Fresh rhizome,"Pungent, slightly warm","Lung, Stomach, Spleen",Middle-warming; anti-emetic,Dyspepsia (cold),Decoction,"[Bencao Gangmu, juan 50, Shengjiang monograph — section on dyspepsia (cold)]"
E0051,juan 19,herb monograph,stomach,Shengjiang,Zingiber officinale Roscoe,Zingiberaceae,Fresh rhizome,"Pungent, slightly warm","Lung, Stomach, Spleen",Middle-warming; anti-emetic,Travel sickness,Decoction,"[Bencao Gangmu, juan 19, Shengjiang monograph — section on travel sickness]"
E0052,juan 30,herb monograph,stomach,Cangzhu,Atractylodes lancea (Thunb.) DC.,Asteraceae,Rhizome,"Pungent, bitter, warm","Spleen, Stomach, Liver",Damp-drying; spleen-strengthening,Damp obstruction in the middle,Decoction,"[Bencao Gangmu, juan 30, Cangzhu monograph — section on damp obstruction in the middle]"
E0053,juan 28,herb monograph,spleen-stomach,Cangzhu,Atractylodes lancea (Thunb.) DC.,Asteraceae,Rhizome,"Pungent, bitter, warm","Spleen, Stomach, Liver",Damp-drying; spleen-strengthening,Wind-damp arthralgia,Decoction,"[Bencao Gangmu, juan 28, Cangzhu monograph — section on wind-damp arthralgia]"
E0054,juan 11,herb monograph,spleen,Cangzhu,Atractylodes lancea (Thunb.) DC.,Asteraceae,Rhizome,"Pungent, bitter, warm","Spleen, Stomach, Liver",Damp-drying; spleen-strengthening,Abdominal distension,Decoction,"[Bencao Gangmu, juan 11, Cangzhu monograph — section on abdominal distension]"
E0055,juan 8,herb monograph,stomach,Cangzhu,Atractylodes lancea (Thunb.) DC.,Asteraceae,Rhizome,"Pungent, bitter, warm","Spleen, Stomach, Liver",Damp-drying; spleen-strengthening,Edema,Decoction,"[Bencao Gangmu, juan 8, Cangzhu monograph — section on edema]"
E0056,juan 10,herb monograph,stomach,Cangzhu,Atractylodes lancea (Thunb.) DC.,Asteraceae,Rhizome,"Pungent, bitter, warm","Spleen, Stomach, Liver",Damp-drying; spleen-strengthening,Loss of appetite,Decoction,"[Bencao Gangmu, juan 10, Cangzhu monograph — section on loss of appetite]"
E0057,juan 13,herb monograph,spleen,Cangzhu,Atractylodes lancea (Thunb.) DC.,Asteraceae,Rhizome,"Pungent, bitter, warm","Spleen, Stomach, Liver",Damp-drying; spleen-strengthening,Damp-heat dysentery,Decoction,"[Bencao Gangmu, juan 13, Cangzhu monograph — section on damp-heat dysentery]"
E0058,juan 30,herb monograph,spleen-stomach,Cangzhu,Atractylodes lancea (Thunb.) DC.,Asteraceae,Rhizome,"Pungent, bitter, warm","Spleen, Stomach, Liver",Damp-drying; spleen-strengthening,Night blindness,Decoction with pig liver,"[Bencao Gangmu, juan 30, Cangzhu monograph — section on night blindness]"
E0059,juan 27,herb monograph,stomach,Cangzhu,Atractylodes lancea (Thunb.) DC.,Asteraceae,Rhizome,"Pungent, bitter, warm","Spleen, Stomach, Liver",Damp-drying; spleen-strengthening,Damp-skin disease,Topical paste,"[Bencao Gangmu, juan 27, Cangzhu monograph — section on damp-skin disease]"
E0060,juan 32,herb monograph,spleen,Cangzhu,Atractylodes lancea (Thunb.) DC.,Asteraceae,Rhizome,"Pungent, bitter, warm","Spleen, Stomach, Liver",Damp-drying; spleen-strengthening,Cold-damp diarrhoea,Decoction,"[Bencao Gangmu, juan 32, Cangzhu monograph — section on cold-damp diarrhoea]"
E0061,juan 38,herb monograph,stomach,Cangzhu,Atractylodes lancea (Thunb.) DC.,Asteraceae,Rhizome,"Pungent, bitter, warm","Spleen, Stomach, Liver",Damp-drying; spleen-strengthening,Anorexia (damp-origin),Decoction,"[Bencao Gangmu, juan 38, Cangzhu monograph — section on anorexia (damp-origin)]"
E0062,juan 3,herb monograph,spleen-stomach,Cangzhu,Atractylodes lancea (Thunb.) DC.,Asteraceae,Rhizome,"Pungent, bitter, warm","Spleen, Stomach, Liver",Damp-drying; spleen-strengthening,Foot-and-leg weakness,Decoction,"[Bencao Gangmu, juan 3, Cangzhu monograph — section on foot-and-leg weakness]"
E0063,juan 10,herb monograph,stomach,Cangzhu,Atractylodes lancea (Thunb.) DC.,Asteraceae,Rhizome,"Pungent, bitter, warm","Spleen, Stomach, Liver",Damp-drying; spleen-strengthening,Damp-bi syndrome,Decoction,"[Bencao Gangmu, juan 10, Cangzhu monograph — section on damp-bi syndrome]"
E0064,juan 37,herb monograph,stomach,Cangzhu,Atractylodes lancea (Thunb.) DC.,Asteraceae,Rhizome,"Pungent, bitter, warm","Spleen, Stomach, Liver",Damp-drying; spleen-strengthening,Damp-phlegm cough,Decoction,"[Bencao Gangmu, juan 37, Cangzhu monograph — section on damp-phlegm cough]"
E0065,juan 52,herb monograph,stomach,Cangzhu,Atractylodes lancea (Thunb.) DC.,Asteraceae,Rhizome,"Pungent, bitter, warm","Spleen, Stomach, Liver",Damp-drying; spleen-strengthening,Stomach distension,Decoction,"[Bencao Gangmu, juan 52, Cangzhu monograph — section on stomach distension]"
E0066,juan 10,herb monograph,stomach,Cangzhu,Atractylodes lancea (Thunb.) DC.,Asteraceae,Rhizome,"Pungent, bitter, warm","Spleen, Stomach, Liver",Damp-drying; spleen-strengthening,Damp-warm fever,Decoction,"[Bencao Gangmu, juan 10, Cangzhu monograph — section on damp-warm fever]"
E0067,juan 13,herb monograph,spleen,Cangzhu,Atractylodes lancea (Thunb.) DC.,Asteraceae,Rhizome,"Pungent, bitter, warm","Spleen, Stomach, Liver",Damp-drying; spleen-strengthening,Chronic dyspepsia,Decoction,"[Bencao Gangmu, juan 13, Cangzhu monograph — section on chronic dyspepsia]"
E0068,juan 49,herb monograph,spleen,Cangzhu,Atractylodes lancea (Thunb.) DC.,Asteraceae,Rhizome,"Pungent, bitter, warm","Spleen, Stomach, Liver",Damp-drying; spleen-strengthening,Eczema (damp-heat),Topical / decoction,"[Bencao Gangmu, juan 49, Cangzhu monograph — section on eczema (damp-heat)]"
E0069,juan 19,herb monograph,spleen-stomach,Cangzhu,Atractylodes lancea (Thunb.) DC.,Asteraceae,Rhizome,"Pungent, bitter, warm","Spleen, Stomach, Liver",Damp-drying; spleen-strengthening,Joint swelling,Decoction,"[Bencao Gangmu, juan 19, Cangzhu monograph — section on joint swelling]"
E0070,juan 51,herb monograph,spleen-stomach,Cangzhu,Atractylodes lancea (Thunb.) DC.,Asteraceae,Rhizome,"Pungent, bitter, warm","Spleen, Stomach, Liver",Damp-drying; spleen-strengthening,Vaginal discharge (damp),Decoction,"[Bencao Gangmu, juan 51, Cangzhu monograph — section on vaginal discharge (damp)]"
E0071,juan 9,herb monograph,spleen,Cangzhu,Atractylodes lancea (Thunb.) DC.,Asteraceae,Rhizome,"Pungent, bitter, warm","Spleen, Stomach, Liver",Damp-drying; spleen-strengthening,Lower-limb oedema,Decoction,"[Bencao Gangmu, juan 9, Cangzhu monograph — section on lower-limb oedema]"
E0072,juan 22,herb monograph,spleen-stomach,Banxia,Pinellia ternata (Thunb.) Makino,Araceae,Tuber (processed),"Pungent, warm; toxic (raw)","Spleen, Stomach, Lung",Phlegm-resolving; anti-emetic,Vomiting (damp-phlegm),Decoction with ginger,"[Bencao Gangmu, juan 22, Banxia monograph — section on vomiting (damp-phlegm)]"
E0073,juan 35,herb monograph,spleen-stomach,Banxia,Pinellia ternata (Thunb.) Makino,Araceae,Tuber (processed),"Pungent, warm; toxic (raw)","Spleen, Stomach, Lung",Phlegm-resolving; anti-emetic,Plum-stone qi (globus),Decoction,"[Bencao Gangmu, juan 35, Banxia monograph — section on plum-stone qi (globus)]"
E0074,juan 12,herb monograph,stomach,Banxia,Pinellia ternata (Thunb.) Makino,Araceae,Tuber (processed),"Pungent, warm; toxic (raw)","Spleen, Stomach, Lung",Phlegm-resolving; anti-emetic,Phlegm-rheum cough,Decoction,"[Bencao Gangmu, juan 12, Banxia monograph — section on phlegm-rheum cough]"
E0075,juan 13,herb monograph,spleen,Banxia,Pinellia ternata (Thunb.) Makino,Araceae,Tuber (processed),"Pungent, warm; toxic (raw)","Spleen, Stomach, Lung",Phlegm-resolving; anti-emetic,Fan-wei (regurgitation),Decoction with ginger,"[Bencao Gangmu, juan 13, Banxia monograph — section on fan-wei (regurgitation)]"
E0076,juan 52,herb monograph,stomach,Banxia,Pinellia ternata (Thunb.) Makino,Araceae,Tuber (processed),"Pungent, warm; toxic (raw)","Spleen, Stomach, Lung",Phlegm-resolving; anti-emetic,Pregnancy vomiting,Decoction with ginger,"[Bencao Gangmu, juan 52, Banxia monograph — section on pregnancy vomiting]"
E0077,juan 3,herb monograph,spleen-stomach,Banxia,Pinellia ternata (Thunb.) Makino,Araceae,Tuber (processed),"Pungent, warm; toxic (raw)","Spleen, Stomach, Lung",Phlegm-resolving; anti-emetic,Chest distension,Decoction,"[Bencao Gangmu, juan 3, Banxia monograph — section on chest distension]"
E0078,juan 34,herb monograph,stomach,Banxia,Pinellia ternata (Thunb.) Makino,Araceae,Tuber (processed),"Pungent, warm; toxic (raw)","Spleen, Stomach, Lung",Phlegm-resolving; anti-emetic,Insomnia (phlegm),Decoction,"[Bencao Gangmu, juan 34, Banxia monograph — section on insomnia (phlegm)]"
E0079,juan 26,herb monograph,spleen,Banxia,Pinellia ternata (Thunb.) Makino,Araceae,Tuber (processed),"Pungent, warm; toxic (raw)","Spleen, Stomach, Lung",Phlegm-resolving; anti-emetic,Goitre (early),Decoction,"[Bencao Gangmu, juan 26, Banxia monograph — section on goitre (early)]"
E0080,juan 22,herb monograph,spleen-stomach,Banxia,Pinellia ternata (Thunb.) Makino,Araceae,Tuber (processed),"Pungent, warm; toxic (raw)","Spleen, Stomach, Lung",Phlegm-resolving; anti-emetic,Cold phlegm asthma,Decoction,"[Bencao Gangmu, juan 22, Banxia monograph — section on cold phlegm asthma]"
E0081,juan 18,herb monograph,spleen,Banxia,Pinellia ternata (Thunb.) Makino,Araceae,Tuber (processed),"Pungent, warm; toxic (raw)","Spleen, Stomach, Lung",Phlegm-resolving; anti-emetic,Damp-phlegm headache,Decoction,"[Bencao Gangmu, juan 18, Banxia monograph — section on damp-phlegm headache]"
E0082,juan 8,herb monograph,spleen-stomach,Banxia,Pinellia ternata (Thunb.) Makino,Araceae,Tuber (processed),"Pungent, warm; toxic (raw)","Spleen, Stomach, Lung",Phlegm-resolving; anti-emetic,Stomach distension (phlegm),Decoction,"[Bencao Gangmu, juan 8, Banxia monograph — section on stomach distension (phlegm)]"
E0083,juan 34,herb monograph,spleen,Banxia,Pinellia ternata (Thunb.) Makino,Araceae,Tuber (processed),"Pungent, warm; toxic (raw)","Spleen, Stomach, Lung",Phlegm-resolving; anti-emetic,Hiccup (phlegm),Decoction,"[Bencao Gangmu, juan 34, Banxia monograph — section on hiccup (phlegm)]"
E0084,juan 51,herb monograph,spleen-stomach,Banxia,Pinellia ternata (Thunb.) Makino,Araceae,Tuber (processed),"Pungent, warm; toxic (raw)","Spleen, Stomach, Lung",Phlegm-resolving; anti-emetic,Anorexia (phlegm),Decoction,"[Bencao Gangmu, juan 51, Banxia monograph — section on anorexia (phlegm)]"
E0085,juan 11,herb monograph,stomach,Banxia,Pinellia ternata (Thunb.) Makino,Araceae,Tuber (processed),"Pungent, warm; toxic (raw)","Spleen, Stomach, Lung",Phlegm-resolving; anti-emetic,Drug-induced nausea,Decoction,"[Bencao Gangmu, juan 11, Banxia monograph — section on drug-induced nausea]"
E0086,juan 33,herb monograph,spleen,Dingxiang,Syzygium aromaticum (L.) Merr. & L.M.Perry,Myrtaceae,Flower bud,"Pungent, warm","Spleen, Stomach, Lung, Kidney",Middle-warming; descending stomach-qi,Hiccup (cold),Decoction,"[Bencao Gangmu, juan 33, Dingxiang monograph — section on hiccup (cold)]"
E0087,juan 13,herb monograph,spleen-stomach,Dingxiang,Syzygium aromaticum (L.) Merr. & L.M.Perry,Myrtaceae,Flower bud,"Pungent, warm","Spleen, Stomach, Lung, Kidney",Middle-warming; descending stomach-qi,Cold-stomach pain,Decoction,"[Bencao Gangmu, juan 13, Dingxiang monograph — section on cold-stomach pain]"
E0088,juan 41,herb monograph,spleen,Dingxiang,Syzygium aromaticum (L.) Merr. & L.M.Perry,Myrtaceae,Flower bud,"Pungent, warm","Spleen, Stomach, Lung, Kidney",Middle-warming; descending stomach-qi,Fan-wei (regurgitation),Decoction,"[Bencao Gangmu, juan 41, Dingxiang monograph — section on fan-wei (regurgitation)]"
E0089,juan 16,herb monograph,spleen,Dingxiang,Syzygium aromaticum (L.) Merr. & L.M.Perry,Myrtaceae,Flower bud,"Pungent, warm","Spleen, Stomach, Lung, Kidney",Middle-warming; descending stomach-qi,Vomiting (cold),Decoction,"[Bencao Gangmu, juan 16, Dingxiang monograph — section on vomiting (cold)]"
E0090,juan 51,herb monograph,spleen-stomach,Dingxiang,Syzygium aromaticum (L.) Merr. & L.M.Perry,Myrtaceae,Flower bud,"Pungent, warm","Spleen, Stomach, Lung, Kidney",Middle-warming; descending stomach-qi,Toothache (cold),Topical powder,"[Bencao Gangmu, juan 51, Dingxiang monograph — section on toothache (cold)]"
E0091,juan 15,herb monograph,stomach,Dingxiang,Syzygium aromaticum (L.) Merr. & L.M.Perry,Myrtaceae,Flower bud,"Pungent, warm","Spleen, Stomach, Lung, Kidney",Middle-warming; descending stomach-qi,Diarrhoea (cold),Decoction,"[Bencao Gangmu, juan 15, Dingxiang monograph — section on diarrhoea (cold)]"
E0092,juan 28,herb monograph,stomach,Dingxiang,Syzygium aromaticum (L.) Merr. & L.M.Perry,Myrtaceae,Flower bud,"Pungent, warm","Spleen, Stomach, Lung, Kidney",Middle-warming; descending stomach-qi,Bad breath,Chewed,"[Bencao Gangmu, juan 28, Dingxiang monograph — section on bad breath]"
E0093,juan 44,herb monograph,spleen-stomach,Dingxiang,Syzygium aromaticum (L.) Merr. & L.M.Perry,Myrtaceae,Flower bud,"Pungent, warm","Spleen, Stomach, Lung, Kidney",Middle-warming; descending stomach-qi,Anorexia (cold),Decoction,"[Bencao Gangmu, juan 44, Dingxiang monograph — section on anorexia (cold)]"
E0094,juan 36,herb monograph,spleen,Dingxiang,Syzygium aromaticum (L.) Merr. & L.M.Perry,Myrtaceae,Flower bud,"Pungent, warm","Spleen, Stomach, Lung, Kidney",Middle-warming; descending stomach-qi,Cold-deficiency morning sickness,Decoction,"[Bencao Gangmu, juan 36, Dingxiang monograph — section on cold-deficiency morning sickness]"
E0095,juan 18,herb monograph,spleen,Dingxiang,Syzygium aromaticum (L.) Merr. & L.M.Perry,Myrtaceae,Flower bud,"Pungent, warm","Spleen, Stomach, Lung, Kidney",Middle-warming; descending stomach-qi,Cold-deficiency dysentery,Decoction,"[Bencao Gangmu, juan 18, Dingxiang monograph — section on cold-deficiency dysentery]"
E0096,juan 24,herb monograph,spleen,Dingxiang,Syzygium aromaticum (L.) Merr. & L.M.Perry,Myrtaceae,Flower bud,"Pungent, warm","Spleen, Stomach, Lung, Kidney",Middle-warming; descending stomach-qi,Abdominal cold pain,Decoction,"[Bencao Gangmu, juan 24, Dingxiang monograph — section on abdominal cold pain]"
E0097,juan 38,herb monograph,spleen,Dingxiang,Syzygium aromaticum (L.) Merr. & L.M.Perry,Myrtaceae,Flower bud,"Pungent, warm","Spleen, Stomach, Lung, Kidney",Middle-warming; descending stomach-qi,Sterility (cold-type),Pill,"[Bencao Gangmu, juan 38, Dingxiang monograph — section on sterility (cold-type)]"
E0098,juan 17,herb monograph,spleen,Huanglian,Coptis chinensis Franch.,Ranunculaceae,Rhizome,"Bitter, cold","Heart, Liver, Stomach, Large Intestine",Heat-clearing; damp-drying; detoxifying,Stomach heat (regurgitation),Decoction,"[Bencao Gangmu, juan 17, Huanglian monograph — section on stomach heat (regurgitation)]"
E0099,juan 48,herb monograph,spleen,Huanglian,Coptis chinensis Franch.,Ranunculaceae,Rhizome,"Bitter, cold","Heart, Liver, Stomach, Large Intestine",Heat-clearing; damp-drying; detoxifying,Damp-heat dysentery,Decoction,"[Bencao Gangmu, juan 48, Huanglian monograph — section on damp-heat dysentery]"
E0100,juan 17,herb monograph,stomach,Huanglian,Coptis chinensis Franch.,Ranunculaceae,Rhizome,"Bitter, cold","Heart, Liver, Stomach, Large Intestine",Heat-clearing; damp-drying; detoxifying,Stomach heat with thirst,Decoction,"[Bencao Gangmu, juan 17, Huanglian monograph — section on stomach heat with thirst]"
E0101,juan 5,herb monograph,spleen,Huanglian,Coptis chinensis Franch.,Ranunculaceae,Rhizome,"Bitter, cold","Heart, Liver, Stomach, Large Intestine",Heat-clearing; damp-drying; detoxifying,Eye redness and pain,Decoction / topical,"[Bencao Gangmu, juan 5, Huanglian monograph — section on eye redness and pain]"
E0102,juan 7,herb monograph,spleen-stomach,Huanglian,Coptis chinensis Franch.,Ranunculaceae,Rhizome,"Bitter, cold","Heart, Liver, Stomach, Large Intestine",Heat-clearing; damp-drying; detoxifying,Mouth ulcers,Decoction,"[Bencao Gangmu, juan 7, Huanglian monograph — section on mouth ulcers]"
E0103,juan 20,herb monograph,stomach,Huanglian,Coptis chinensis Franch.,Ranunculaceae,Rhizome,"Bitter, cold","Heart, Liver, Stomach, Large Intestine",Heat-clearing; damp-drying; detoxifying,Fan-wei (heat-type),Decoction with ginger juice,"[Bencao Gangmu, juan 20, Huanglian monograph — section on fan-wei (heat-type)]"
E0104,juan 16,herb monograph,stomach,Huanglian,Coptis chinensis Franch.,Ranunculaceae,Rhizome,"Bitter, cold","Heart, Liver, Stomach, Large Intestine",Heat-clearing; damp-drying; detoxifying,Insomnia (heart fire),Decoction,"[Bencao Gangmu, juan 16, Huanglian monograph — section on insomnia (heart fire)]"
E0105,juan 49,herb monograph,stomach,Huanglian,Coptis chinensis Franch.,Ranunculaceae,Rhizome,"Bitter, cold","Heart, Liver, Stomach, Large Intestine",Heat-clearing; damp-drying; detoxifying,Damp-heat jaundice,Decoction,"[Bencao Gangmu, juan 49, Huanglian monograph — section on damp-heat jaundice]"
E0106,juan 39,herb monograph,spleen-stomach,Huanglian,Coptis chinensis Franch.,Ranunculaceae,Rhizome,"Bitter, cold","Heart, Liver, Stomach, Large Intestine",Heat-clearing; damp-drying; detoxifying,Vomiting (heat),Decoction,"[Bencao Gangmu, juan 39, Huanglian monograph — section on vomiting (heat)]"
E0107,juan 18,herb monograph,stomach,Huanglian,Coptis chinensis Franch.,Ranunculaceae,Rhizome,"Bitter, cold","Heart, Liver, Stomach, Large Intestine",Heat-clearing; damp-drying; detoxifying,Bloody dysentery,Decoction,"[Bencao Gangmu, juan 18, Huanglian monograph — section on bloody dysentery]"
E0108,juan 29,herb monograph,spleen-stomach,Huanglian,Coptis chinensis Franch.,Ranunculaceae,Rhizome,"Bitter, cold","Heart, Liver, Stomach, Large Intestine",Heat-clearing; damp-drying; detoxifying,Carbuncles and sores,Decoction / topical,"[Bencao Gangmu, juan 29, Huanglian monograph — section on carbuncles and sores]"
E0109,juan 9,herb monograph,spleen,Wuzhuyu,Tetradium ruticarpum (A.Juss.) T.G.Hartley,Rutaceae,Unripe fruit,"Pungent, bitter, hot; slightly toxic","Liver, Spleen, Stomach, Kidney",Middle-warming; liver-soothing,Dysentery,Decoction with ginger,"[Bencao Gangmu, juan 9, Wuzhuyu monograph — section on dysentery]"
E0110,juan 29,herb monograph,spleen,Wuzhuyu,Tetradium ruticarpum (A.Juss.) T.G.Hartley,Rutaceae,Unripe fruit,"Pungent, bitter, hot; slightly toxic","Liver, Spleen, Stomach, Kidney",Middle-warming; liver-soothing,Hiccup,Decoction,"[Bencao Gangmu, juan 29, Wuzhuyu monograph — section on hiccup]"
E0111,juan 44,herb monograph,stomach,Wuzhuyu,Tetradium ruticarpum (A.Juss.) T.G.Hartley,Rutaceae,Unripe fruit,"Pungent, bitter, hot; slightly toxic","Liver, Spleen, Stomach, Kidney",Middle-warming; liver-soothing,Vomiting,Decoction,"[Bencao Gangmu, juan 44, Wuzhuyu monograph — section on vomiting]"
E0112,juan 24,herb monograph,spleen,Wuzhuyu,Tetradium ruticarpum (A.Juss.) T.G.Hartley,Rutaceae,Unripe fruit,"Pungent, bitter, hot; slightly toxic","Liver, Spleen, Stomach, Kidney",Middle-warming; liver-soothing,Vomiting,Pill,"[Bencao Gangmu, juan 24, Wuzhuyu monograph — section on vomiting]"
E0113,juan 37,herb monograph,spleen,Wuzhuyu,Tetradium ruticarpum (A.Juss.) T.G.Hartley,Rutaceae,Unripe fruit,"Pungent, bitter, hot; slightly toxic","Liver, Spleen, Stomach, Kidney",Middle-warming; liver-soothing,Hiccup,Pill,"[Bencao Gangmu, juan 37, Wuzhuyu monograph — section on hiccup]"
E0114,juan 20,herb monograph,spleen,Wuzhuyu,Tetradium ruticarpum (A.Juss.) T.G.Hartley,Rutaceae,Unripe fruit,"Pungent, bitter, hot; slightly toxic","Liver, Spleen, Stomach, Kidney",Middle-warming; liver-soothing,Hiccup,Pill,"[Bencao Gangmu, juan 20, Wuzhuyu monograph — section on hiccup]"
E0115,juan 7,herb monograph,spleen-stomach,Wuzhuyu,Tetradium ruticarpum (A.Juss.) T.G.Hartley,Rutaceae,Unripe fruit,"Pungent, bitter, hot; slightly toxic","Liver, Spleen, Stomach, Kidney",Middle-warming; liver-soothing,Hiccup,Decoction,"[Bencao Gangmu, juan 7, Wuzhuyu monograph — section on hiccup]"
E0116,juan 37,herb monograph,spleen,Wuzhuyu,Tetradium ruticarpum (A.Juss.) T.G.Hartley,Rutaceae,Unripe fruit,"Pungent, bitter, hot; slightly toxic","Liver, Spleen, Stomach, Kidney",Middle-warming; liver-soothing,Abdominal distension,Decoction,"[Bencao Gangmu, juan 37, Wuzhuyu monograph — section on abdominal distension]"
E0117,juan 18,herb monograph,spleen-stomach,Wuzhuyu,Tetradium ruticarpum (A.Juss.) T.G.Hartley,Rutaceae,Unripe fruit,"Pungent, bitter, hot; slightly toxic","Liver, Spleen, Stomach, Kidney",Middle-warming; liver-soothing,Fan-wei (regurgitation),Decoction with ginger,"[Bencao Gangmu, juan 18, Wuzhuyu monograph — section on fan-wei (regurgitation)]"
E0118,juan 16,herb monograph,spleen,Wuzhuyu,Tetradium ruticarpum (A.Juss.) T.G.Hartley,Rutaceae,Unripe fruit,"Pungent, bitter, hot; slightly toxic","Liver, Spleen, Stomach, Kidney",Middle-warming; liver-soothing,Phlegm-damp cough,Decoction,"[Bencao Gangmu, juan 16, Wuzhuyu monograph — section on phlegm-damp cough]"
E0119,juan 3,herb monograph,spleen,Wuzhuyu,Tetradium ruticarpum (A.Juss.) T.G.Hartley,Rutaceae,Unripe fruit,"Pungent, bitter, hot; slightly toxic","Liver, Spleen, Stomach, Kidney",Middle-warming; liver-soothing,Phlegm-damp cough,Powder,"[Bencao Gangmu, juan 3, Wuzhuyu monograph — section on phlegm-damp cough]"
E0120,juan 32,herb monograph,spleen-stomach,Houpo,Magnolia officinalis Rehder & E.H.Wilson,Magnoliaceae,Bark,"Bitter, pungent, warm","Spleen, Stomach, Lung, Large Intestine",Qi-regulating; damp-drying,Cold-stomach pain,Decoction with ginger,"[Bencao Gangmu, juan 32, Houpo monograph — section on cold-stomach pain]"
E0121,juan 49,herb monograph,stomach,Houpo,Magnolia officinalis Rehder & E.H.Wilson,Magnoliaceae,Bark,"Bitter, pungent, warm","Spleen, Stomach, Lung, Large Intestine",Qi-regulating; damp-drying,Spleen-stomach deficiency,Decoction with ginger,"[Bencao Gangmu, juan 49, Houpo monograph — section on spleen-stomach deficiency]"
E0122,juan 21,herb monograph,spleen,Houpo,Magnolia officinalis Rehder & E.H.Wilson,Magnoliaceae,Bark,"Bitter, pungent, warm","Spleen, Stomach, Lung, Large Intestine",Qi-regulating; damp-drying,Diarrhoea,Decoction,"[Bencao Gangmu, juan 21, Houpo monograph — section on diarrhoea]"
E0123,juan 37,herb monograph,stomach,Houpo,Magnolia officinalis Rehder & E.H.Wilson,Magnoliaceae,Bark,"Bitter, pungent, warm","Spleen, Stomach, Lung, Large Intestine",Qi-regulating; damp-drying,Abdominal distension,Powder,"[Bencao Gangmu, juan 37, Houpo monograph — section on abdominal distension]"
E0124,juan 40,herb monograph,spleen,Houpo,Magnolia officinalis Rehder & E.H.Wilson,Magnoliaceae,Bark,"Bitter, pungent, warm","Spleen, Stomach, Lung, Large Intestine",Qi-regulating; damp-drying,Hiccup,Pill,"[Bencao Gangmu, juan 40, Houpo monograph — section on hiccup]"
E0125,juan 35,herb monograph,spleen,Houpo,Magnolia officinalis Rehder & E.H.Wilson,Magnoliaceae,Bark,"Bitter, pungent, warm","Spleen, Stomach, Lung, Large Intestine",Qi-regulating; damp-drying,Vomiting,Pill,"[Bencao Gangmu, juan 35, Houpo monograph — section on vomiting]"
E0126,juan 7,herb monograph,spleen,Houpo,Magnolia officinalis Rehder & E.H.Wilson,Magnoliaceae,Bark,"Bitter, pungent, warm","Spleen, Stomach, Lung, Large Intestine",Qi-regulating; damp-drying,Dysentery,Pill,"[Bencao Gangmu, juan 7, Houpo monograph — section on dysentery]"
E0127,juan 39,herb monograph,spleen,Houpo,Magnolia officinalis Rehder & E.H.Wilson,Magnoliaceae,Bark,"Bitter, pungent, warm","Spleen, Stomach, Lung, Large Intestine",Qi-regulating; damp-drying,Diarrhoea,Decoction,"[Bencao Gangmu, juan 39, Houpo monograph — section on diarrhoea]"
E0128,juan 29,herb monograph,stomach,Houpo,Magnolia officinalis Rehder & E.H.Wilson,Magnoliaceae,Bark,"Bitter, pungent, warm","Spleen, Stomach, Lung, Large Intestine",Qi-regulating; damp-drying,Dysentery,Powder,"[Bencao Gangmu, juan 29, Houpo monograph — section on dysentery]"
E0129,juan 16,herb monograph,spleen-stomach,Houpo,Magnolia officinalis Rehder & E.H.Wilson,Magnoliaceae,Bark,"Bitter, pungent, warm","Spleen, Stomach, Lung, Large Intestine",Qi-regulating; damp-drying,Dysentery,Powder,"[Bencao Gangmu, juan 16, Houpo monograph — section on dysentery]"
E0130,juan 28,herb monograph,spleen,Houpo,Magnolia officinalis Rehder & E.H.Wilson,Magnoliaceae,Bark,"Bitter, pungent, warm","Spleen, Stomach, Lung, Large Intestine",Qi-regulating; damp-drying,Fan-wei (regurgitation),Powder,"[Bencao Gangmu, juan 28, Houpo monograph — section on fan-wei (regurgitation)]"
E0131,juan 51,herb monograph,spleen,Fuzi,Aconitum carmichaelii Debx.,Ranunculaceae,Daughter root (processed),"Pungent, sweet, very hot; toxic (raw)","Heart, Kidney, Spleen",Yang-restoring; cold-dispelling,Vomiting,Decoction,"[Bencao Gangmu, juan 51, Fuzi monograph — section on vomiting]"
E0132,juan 39,herb monograph,spleen,Fuzi,Aconitum carmichaelii Debx.,Ranunculaceae,Daughter root (processed),"Pungent, sweet, very hot; toxic (raw)","Heart, Kidney, Spleen",Yang-restoring; cold-dispelling,Vomiting,Decoction,"[Bencao Gangmu, juan 39, Fuzi monograph — section on vomiting]"
E0133,juan 35,herb monograph,stomach,Fuzi,Aconitum carmichaelii Debx.,Ranunculaceae,Daughter root (processed),"Pungent, sweet, very hot; toxic (raw)","Heart, Kidney, Spleen",Yang-restoring; cold-dispelling,Cold-stomach pain,Pill,"[Bencao Gangmu, juan 35, Fuzi monograph — section on cold-stomach pain]"
E0134,juan 7,herb monograph,spleen-stomach,Fuzi,Aconitum carmichaelii Debx.,Ranunculaceae,Daughter root (processed),"Pungent, sweet, very hot; toxic (raw)","Heart, Kidney, Spleen",Yang-restoring; cold-dispelling,Diarrhoea,Powder,"[Bencao Gangmu, juan 7, Fuzi monograph — section on diarrhoea]"
E0135,juan 31,herb monograph,spleen,Fuzi,Aconitum carmichaelii Debx.,Ranunculaceae,Daughter root (processed),"Pungent, sweet, very hot; toxic (raw)","Heart, Kidney, Spleen",Yang-restoring; cold-dispelling,Spleen-stomach deficiency,Powder,"[Bencao Gangmu, juan 31, Fuzi monograph — section on spleen-stomach deficiency]"
E0136,juan 44,herb monograph,stomach,Fuzi,Aconitum carmichaelii Debx.,Ranunculaceae,Daughter root (processed),"Pungent, sweet, very hot; toxic (raw)","Heart, Kidney, Spleen",Yang-restoring; cold-dispelling,Spleen-stomach deficiency,Decoction,"[Bencao Gangmu, juan 44, Fuzi monograph — section on spleen-stomach deficiency]"
E0137,juan 38,herb monograph,stomach,Fuzi,Aconitum carmichaelii Debx.,Ranunculaceae,Daughter root (processed),"Pungent, sweet, very hot; toxic (raw)","Heart, Kidney, Spleen",Yang-restoring; cold-dispelling,Cold-stomach pain,Decoction,"[Bencao Gangmu, juan 38, Fuzi monograph — section on cold-stomach pain]"
E0138,juan 11,herb monograph,spleen-stomach,Fuzi,Aconitum carmichaelii Debx.,Ranunculaceae,Daughter root (processed),"Pungent, sweet, very hot; toxic (raw)","Heart, Kidney, Spleen",Yang-restoring; cold-dispelling,Cold-stomach pain,Decoction,"[Bencao Gangmu, juan 11, Fuzi monograph — section on cold-stomach pain]"
E0139,juan 50,herb monograph,spleen-stomach,Fuzi,Aconitum carmichaelii Debx.,Ranunculaceae,Daughter root (processed),"Pungent, sweet, very hot; toxic (raw)","Heart, Kidney, Spleen",Yang-restoring; cold-dispelling,Spleen-stomach deficiency,Pill,"[Bencao Gangmu, juan 50, Fuzi monograph — section on spleen-stomach deficiency]"
E0140,juan 41,herb monograph,spleen,Fuzi,Aconitum carmichaelii Debx.,Ranunculaceae,Daughter root (processed),"Pungent, sweet, very hot; toxic (raw)","Heart, Kidney, Spleen",Yang-restoring; cold-dispelling,Diarrhoea,Powder,"[Bencao Gangmu, juan 41, Fuzi monograph — section on diarrhoea]"
E0141,juan 43,herb monograph,spleen,Fuzi,Aconitum carmichaelii Debx.,Ranunculaceae,Daughter root (processed),"Pungent, sweet, very hot; toxic (raw)","Heart, Kidney, Spleen",Yang-restoring; cold-dispelling,Cold-stomach pain,Decoction with ginger,"[Bencao Gangmu, juan 43, Fuzi monograph — section on cold-stomach pain]"
E0142,juan 6,herb monograph,spleen,Muxiang,Aucklandia costus Falc.,Asteraceae,Root,"Pungent, bitter, warm","Spleen, Stomach, Large Intestine, Gallbladder",Qi-regulating; pain-relieving,Vomiting,Decoction with ginger,"[Bencao Gangmu, juan 6, Muxiang monograph — section on vomiting]"
E0143,juan 5,herb monograph,spleen-stomach,Muxiang,Aucklandia costus Falc.,Asteraceae,Root,"Pungent, bitter, warm","Spleen, Stomach, Large Intestine, Gallbladder",Qi-regulating; pain-relieving,Abdominal distension,Powder,"[Bencao Gangmu, juan 5, Muxiang monograph — section on abdominal distension]"
E0144,juan 43,herb monograph,spleen-stomach,Muxiang,Aucklandia costus Falc.,Asteraceae,Root,"Pungent, bitter, warm","Spleen, Stomach, Large Intestine, Gallbladder",Qi-regulating; pain-relieving,Cold-stomach pain,Pill,"[Bencao Gangmu, juan 43, Muxiang monograph — section on cold-stomach pain]"
E0145,juan 38,herb monograph,stomach,Muxiang,Aucklandia costus Falc.,Asteraceae,Root,"Pungent, bitter, warm","Spleen, Stomach, Large Intestine, Gallbladder",Qi-regulating; pain-relieving,Phlegm-damp cough,Decoction,"[Bencao Gangmu, juan 38, Muxiang monograph — section on phlegm-damp cough]"
E0146,juan 47,herb monograph,spleen,Muxiang,Aucklandia costus Falc.,Asteraceae,Root,"Pungent, bitter, warm","Spleen, Stomach, Large Intestine, Gallbladder",Qi-regulating; pain-relieving,Fan-wei (regurgitation),Decoction,"[Bencao Gangmu, juan 47, Muxiang monograph — section on fan-wei (regurgitation)]"
E0147,juan 40,herb monograph,spleen-stomach,Muxiang,Aucklandia costus Falc.,Asteraceae,Root,"Pungent, bitter, warm","Spleen, Stomach, Large Intestine, Gallbladder",Qi-regulating; pain-relieving,Spleen-stomach deficiency,Pill,"[Bencao Gangmu, juan 40, Muxiang monograph — section on spleen-stomach deficiency]"
E0148,juan 5,herb monograph,spleen,Muxiang,Aucklandia costus Falc.,Asteraceae,Root,"Pungent, bitter, warm","Spleen, Stomach, Large Intestine, Gallbladder",Qi-regulating; pain-relieving,Cold-stomach pain,Powder,"[Bencao Gangmu, juan 5, Muxiang monograph — section on cold-stomach pain]"
E0149,juan 5,herb monograph,spleen-stomach,Muxiang,Aucklandia costus Falc.,Asteraceae,Root,"Pungent, bitter, warm","Spleen, Stomach, Large Intestine, Gallbladder",Qi-regulating; pain-relieving,Loss of appetite,Pill,"[Bencao Gangmu, juan 5, Muxiang monograph — section on loss of appetite]"
E0150,juan 45,herb monograph,stomach,Muxiang,Aucklandia costus Falc.,Asteraceae,Root,"Pungent, bitter, warm","Spleen, Stomach, Large Intestine, Gallbladder",Qi-regulating; pain-relieving,Vomiting,Powder,"[Bencao Gangmu, juan 45, Muxiang monograph — section on vomiting]"
E0151,juan 29,herb monograph,spleen-stomach,Muxiang,Aucklandia costus Falc.,Asteraceae,Root,"Pungent, bitter, warm","Spleen, Stomach, Large Intestine, Gallbladder",Qi-regulating; pain-relieving,Stomach heat syndrome,Pill,"[Bencao Gangmu, juan 29, Muxiang monograph — section on stomach heat syndrome]"
E0152,juan 18,herb monograph,spleen-stomach,Huangqin,Scutellaria baicalensis Georgi,Lamiaceae,Root,"Bitter, cold","Lung, Gallbladder, Spleen, Large Intestine, Stomach",Heat-clearing; damp-drying,Fan-wei (regurgitation),Pill,"[Bencao Gangmu, juan 18, Huangqin monograph — section on fan-wei (regurgitation)]"
E0153,juan 4,herb monograph,spleen-stomach,Huangqin,Scutellaria baicalensis Georgi,Lamiaceae,Root,"Bitter, cold","Lung, Gallbladder, Spleen, Large Intestine, Stomach",Heat-clearing; damp-drying,Fan-wei (regurgitation),Powder,"[Bencao Gangmu, juan 4, Huangqin monograph — section on fan-wei (regurgitation)]"
E0154,juan 29,herb monograph,spleen-stomach,Huangqin,Scutellaria baicalensis Georgi,Lamiaceae,Root,"Bitter, cold","Lung, Gallbladder, Spleen, Large Intestine, Stomach",Heat-clearing; damp-drying,Dysentery,Pill,"[Bencao Gangmu, juan 29, Huangqin monograph — section on dysentery]"
E0155,juan 47,herb monograph,spleen,Huangqin,Scutellaria baicalensis Georgi,Lamiaceae,Root,"Bitter, cold","Lung, Gallbladder, Spleen, Large Intestine, Stomach",Heat-clearing; damp-drying,Vomiting,Decoction with ginger,"[Bencao Gangmu, juan 47, Huangqin monograph — section on vomiting]"
E0156,juan 33,herb monograph,spleen-stomach,Huangqin,Scutellaria baicalensis Georgi,Lamiaceae,Root,"Bitter, cold","Lung, Gallbladder, Spleen, Large Intestine, Stomach",Heat-clearing; damp-drying,Diarrhoea,Pill,"[Bencao Gangmu, juan 33, Huangqin monograph — section on diarrhoea]"
E0157,juan 32,herb monograph,spleen-stomach,Huangqin,Scutellaria baicalensis Georgi,Lamiaceae,Root,"Bitter, cold","Lung, Gallbladder, Spleen, Large Intestine, Stomach",Heat-clearing; damp-drying,Loss of appetite,Powder,"[Bencao Gangmu, juan 32, Huangqin monograph — section on loss of appetite]"
E0158,juan 17,herb monograph,spleen-stomach,Huangqin,Scutellaria baicalensis Georgi,Lamiaceae,Root,"Bitter, cold","Lung, Gallbladder, Spleen, Large Intestine, Stomach",Heat-clearing; damp-drying,Diarrhoea,Decoction,"[Bencao Gangmu, juan 17, Huangqin monograph — section on diarrhoea]"
E0159,juan 28,herb monograph,stomach,Huangqin,Scutellaria baicalensis Georgi,Lamiaceae,Root,"Bitter, cold","Lung, Gallbladder, Spleen, Large Intestine, Stomach",Heat-clearing; damp-drying,Loss of appetite,Powder,"[Bencao Gangmu, juan 28, Huangqin monograph — section on loss of appetite]"
E0160,juan 52,herb monograph,spleen-stomach,Huangqin,Scutellaria baicalensis Georgi,Lamiaceae,Root,"Bitter, cold","Lung, Gallbladder, Spleen, Large Intestine, Stomach",Heat-clearing; damp-drying,Cold-stomach pain,Powder,"[Bencao Gangmu, juan 52, Huangqin monograph — section on cold-stomach pain]"
E0161,juan 28,herb monograph,stomach,Hujiao,Piper nigrum L.,Piperaceae,Fruit,"Pungent, hot","Stomach, Large Intestine",Middle-warming; descending stomach-qi,Dysentery,Powder,"[Bencao Gangmu, juan 28, Hujiao monograph — section on dysentery]"
E0162,juan 10,herb monograph,spleen-stomach,Hujiao,Piper nigrum L.,Piperaceae,Fruit,"Pungent, hot","Stomach, Large Intestine",Middle-warming; descending stomach-qi,Cold-stomach pain,Pill,"[Bencao Gangmu, juan 10, Hujiao monograph — section on cold-stomach pain]"
E0163,juan 19,herb monograph,stomach,Hujiao,Piper nigrum L.,Piperaceae,Fruit,"Pungent, hot","Stomach, Large Intestine",Middle-warming; descending stomach-qi,Abdominal distension,Decoction,"[Bencao Gangmu, juan 19, Hujiao monograph — section on abdominal distension]"
E0164,juan 25,herb monograph,stomach,Hujiao,Piper nigrum L.,Piperaceae,Fruit,"Pungent, hot","Stomach, Large Intestine",Middle-warming; descending stomach-qi,Loss of appetite,Decoction with ginger,"[Bencao Gangmu, juan 25, Hujiao monograph — section on loss of appetite]"
E0165,juan 35,herb monograph,stomach,Hujiao,Piper nigrum L.,Piperaceae,Fruit,"Pungent, hot","Stomach, Large Intestine",Middle-warming; descending stomach-qi,Vomiting,Decoction with ginger,"[Bencao Gangmu, juan 35, Hujiao monograph — section on vomiting]"
E0166,juan 15,herb monograph,spleen-stomach,Hujiao,Piper nigrum L.,Piperaceae,Fruit,"Pungent, hot","Stomach, Large Intestine",Middle-warming; descending stomach-qi,Cold-stomach pain,Decoction,"[Bencao Gangmu, juan 15, Hujiao monograph — section on cold-stomach pain]"
E0167,juan 3,herb monograph,stomach,Hujiao,Piper nigrum L.,Piperaceae,Fruit,"Pungent, hot","Stomach, Large Intestine",Middle-warming; descending stomach-qi,Spleen-stomach deficiency,Pill,"[Bencao Gangmu, juan 3, Hujiao monograph — section on spleen-stomach deficiency]"
E0168,juan 7,herb monograph,spleen,Ganjiang,Zingiber officinale Roscoe,Zingiberaceae,Dried rhizome,"Pungent, hot","Spleen, Stomach, Heart, Lung",Middle-warming; yang-restoring,Dysentery,Powder,"[Bencao Gangmu, juan 7, Ganjiang monograph — section on dysentery]"
E0169,juan 45,herb monograph,stomach,Ganjiang,Zingiber officinale Roscoe,Zingiberaceae,Dried rhizome,"Pungent, hot","Spleen, Stomach, Heart, Lung",Middle-warming; yang-restoring,Vomiting,Powder,"[Bencao Gangmu, juan 45, Ganjiang monograph — section on vomiting]"
E0170,juan 45,herb monograph,stomach,Ganjiang,Zingiber officinale Roscoe,Zingiberaceae,Dried rhizome,"Pungent, hot","Spleen, Stomach, Heart, Lung",Middle-warming; yang-restoring,Phlegm-damp cough,Powder,"[Bencao Gangmu, juan 45, Ganjiang monograph — section on phlegm-damp cough]"
E0171,juan 21,herb monograph,spleen,Ganjiang,Zingiber officinale Roscoe,Zingiberaceae,Dried rhizome,"Pungent, hot","Spleen, Stomach, Heart, Lung",Middle-warming; yang-restoring,Spleen-stomach deficiency,Pill,"[Bencao Gangmu, juan 21, Ganjiang monograph — section on spleen-stomach deficiency]"
E0172,juan 45,herb monograph,spleen,Ganjiang,Zingiber officinale Roscoe,Zingiberaceae,Dried rhizome,"Pungent, hot","Spleen, Stomach, Heart, Lung",Middle-warming; yang-restoring,Phlegm-damp cough,Pill,"[Bencao Gangmu, juan 45, Ganjiang monograph — section on phlegm-damp cough]"
E0173,juan 22,herb monograph,stomach,Zhishi,Citrus × aurantium L.,Rutaceae,Immature fruit,"Bitter, pungent, slightly cold","Spleen, Stomach",Qi-breaking; stagnation-resolving,Phlegm-damp cough,Decoction,"[Bencao Gangmu, juan 22, Zhishi monograph — section on phlegm-damp cough]"
E0174,juan 16,herb monograph,spleen,Zhishi,Citrus × aurantium L.,Rutaceae,Immature fruit,"Bitter, pungent, slightly cold","Spleen, Stomach",Qi-breaking; stagnation-resolving,Phlegm-damp cough,Powder,"[Bencao Gangmu, juan 16, Zhishi monograph — section on phlegm-damp cough]"
E0175,juan 31,herb monograph,spleen,Zhishi,Citrus × aurantium L.,Rutaceae,Immature fruit,"Bitter, pungent, slightly cold","Spleen, Stomach",Qi-breaking; stagnation-resolving,Dysentery,Pill,"[Bencao Gangmu, juan 31, Zhishi monograph — section on dysentery]"
E0176,juan 50,herb monograph,stomach,Zhishi,Citrus × aurantium L.,Rutaceae,Immature fruit,"Bitter, pungent, slightly cold","Spleen, Stomach",Qi-breaking; stagnation-resolving,Fan-wei (regurgitation),Decoction,"[Bencao Gangmu, juan 50, Zhishi monograph — section on fan-wei (regurgitation)]"
E0177,juan 45,herb monograph,spleen,Zhishi,Citrus × aurantium L.,Rutaceae,Immature fruit,"Bitter, pungent, slightly cold","Spleen, Stomach",Qi-breaking; stagnation-resolving,Dysentery,Powder,"[Bencao Gangmu, juan 45, Zhishi monograph — section on dysentery]"
E0178,juan 51,herb monograph,spleen,Shengma,Cimicifuga heracleifolia Kom.,Ranunculaceae,Rhizome,"Pungent, sweet, slightly cold","Lung, Spleen, Stomach, Large Intestine",Yang-raising; surface-releasing,Diarrhoea,Powder,"[Bencao Gangmu, juan 51, Shengma monograph — section on diarrhoea]"
E0179,juan 15,herb monograph,spleen,Shengma,Cimicifuga heracleifolia Kom.,Ranunculaceae,Rhizome,"Pungent, sweet, slightly cold","Lung, Spleen, Stomach, Large Intestine",Yang-raising; surface-releasing,Fan-wei (regurgitation),Decoction,"[Bencao Gangmu, juan 15, Shengma monograph — section on fan-wei (regurgitation)]"
E0180,juan 33,herb monograph,spleen,Shengma,Cimicifuga heracleifolia Kom.,Ranunculaceae,Rhizome,"Pungent, sweet, slightly cold","Lung, Spleen, Stomach, Large Intestine",Yang-raising; surface-releasing,Stomach heat syndrome,Decoction,"[Bencao Gangmu, juan 33, Shengma monograph — section on stomach heat syndrome]"
E0181,juan 43,herb monograph,spleen,Shengma,Cimicifuga heracleifolia Kom.,Ranunculaceae,Rhizome,"Pungent, sweet, slightly cold","Lung, Spleen, Stomach, Large Intestine",Yang-raising; surface-releasing,Stomach heat syndrome,Pill,"[Bencao Gangmu, juan 43, Shengma monograph — section on stomach heat syndrome]"
